{"cameraMode":{"drawMode":0,"name":"Shaded","section":"Shading Mode"},"sceneLighting":true,"audioPlay":false,"sceneViewState":{"m_AlwaysRefresh":false,"showFog":true,"showSkybox":true,"showFlares":true,"showImageEffects":true,"showParticleSystems":true,"showVisualEffectGraphs":true,"m_FxEnabled":true},"in2DMode":false,"pivot":{"x":1.8410706520080567,"y":2.8199715614318849,"z":10.610614776611329},"rotation":{"x":-0.06155729293823242,"y":0.08284304291009903,"z":-0.005126895848661661,"w":-0.994647204875946},"size":17.770469665527345,"orthographic":false}